"interview_id","psu","dogs","sex","age","sterilized","sterilized.ly","births","present","fate","acquired","outside","acquired.ly","immigrant","immigrant.ly","immigrant.sterilized.ly"
1,354850005000114,1,"Male",9,"yes","yes",0,"yes","in_home","bought","no","no","yes",NA,NA
1,354850005000114,1,"Female",1,"no","no",0,"yes","in_home","bought","no","yes","yes","yes","no"
2,354850005000114,1,"Female",7,"yes","no",0,"yes","in_home","bought","no","yes","yes","yes","no"
3,354850005000114,1,"Male",11,"no","no",0,"yes","in_home","born_in_home","no","no","no","no",NA
4,354850005000114,1,"Female",13,"no","no",0,"yes","in_home","gift","yes","no","yes",NA,NA
5,354850005000114,1,"Female",3,"no","no",0,"yes","in_home","adopted","no","yes","no","no",NA
5,354850005000114,1,"Female",8,"no","no",0,"yes","in_home","gift","no","no","no","no",NA
6,354850005000114,0,NA,NA,NA,NA,NA,NA,NA,NA,NA,NA,NA,NA,NA
7,354850005000114,1,"Female",7,"no","no",0,"yes","in_home","gift","no","yes","no","no",NA
8,354850005000114,1,"Male",0,"no","no",0,"yes","in_home","bought","yes","no","yes",NA,NA
9,354850005000114,1,"Female",4,"no","no",0,"no","deied","gift","no","no","no","no",NA
9,354850005000114,1,"Male",2,"no","no",0,"yes","in_home","gift","no","yes","no","no",NA
10,354850005000114,0,NA,NA,NA,NA,NA,NA,NA,NA,NA,NA,NA,NA,NA
11,354850005000114,1,"Female",15,"no","no",0,"yes","in_home","bought","no","no","yes",NA,NA
12,354850005000114,0,NA,NA,NA,NA,NA,NA,NA,NA,NA,NA,NA,NA,NA
13,354850005000114,1,"Male",12,"no","no",0,"yes","in_home","adopted","no","no","no","no",NA
14,354850005000114,0,NA,NA,NA,NA,NA,NA,NA,NA,NA,NA,NA,NA,NA
15,354850005000114,1,"Female",0,"no","no",0,"yes","in_home","adopted","no","yes","no","no",NA
16,354850005000114,0,NA,NA,NA,NA,NA,NA,NA,NA,NA,NA,NA,NA,NA
17,354850005000114,1,"Male",12,"yes","no",0,"yes","in_home","gift","no","yes","no","no",NA
18,354850005000114,1,"Female",5,"yes","no",0,"yes","in_home","bought","no","yes","yes","yes","no"
19,354850005000114,1,"Female",9,"no","no",0,"yes","in_home","gift","yes","no","yes",NA,NA
20,354850005000630,1,"Female",7,"yes","yes",0,"yes","in_home","gift","no","no","no","no",NA
21,354850005000630,1,"Female",6,"no","no",0,"yes","in_home","adopted","no","yes","no","no",NA
22,354850005000630,1,"Male",0,"no","no",0,"yes","in_home","gift","no","no","no","no",NA
23,354850005000630,0,NA,NA,NA,NA,NA,NA,NA,NA,NA,NA,NA,NA,NA
24,354850005000630,1,"Female",9,"yes","no",0,"yes","in_home","gift","no","no","no","no",NA
25,354850005000630,0,NA,NA,NA,NA,NA,NA,NA,NA,NA,NA,NA,NA,NA
26,354850005000630,0,NA,NA,NA,NA,NA,NA,NA,NA,NA,NA,NA,NA,NA
27,354850005000630,1,"Female",11,"no","no",0,"yes","in_home","gift","no","no","no","no",NA
27,354850005000630,1,"Female",4,"no","no",0,"yes","in_home","gift","no","yes","no","no",NA
27,354850005000630,1,"Male",3,"no","no",0,"yes","in_home","adopted","no","no","no","no",NA
28,354850005000630,1,"Female",0,"yes","yes",0,"no","lost","bought","no","yes","yes","yes","no"
28,354850005000630,1,"Female",9,"yes","no",0,"yes","in_home","gift","no","yes","no","no",NA
29,354850005000630,0,NA,NA,NA,NA,NA,NA,NA,NA,NA,NA,NA,NA,NA
30,354850005000630,1,"Male",5,"no","no",0,"yes","in_home","gift","no","no","no","no",NA
31,354850005000630,1,"Male",0,"no","no",0,"no","deied","gift","no","yes","no","no",NA
31,354850005000630,1,"Male",4,"no","no",0,"yes","in_home","gift","no","no","no","no",NA
32,354850005000630,0,NA,NA,NA,NA,NA,NA,NA,NA,NA,NA,NA,NA,NA
33,354850005000630,1,"Female",6,"no","no",0,"yes","in_home","born_in_home","no","yes","no","no",NA
34,354850005000630,0,NA,NA,NA,NA,NA,NA,NA,NA,NA,NA,NA,NA,NA
35,354850005000630,1,"Female",4,"no","no",0,"yes","in_home","gift","no","no","no","no",NA
36,354850005000630,1,"Female",0,"no","no",0,"yes","in_home","born_in_home","no","yes","no","no",NA
37,354850005000630,1,"Male",10,"yes","no",0,"yes","in_home","gift","yes","yes","yes","yes","no"
38,354850005000630,0,NA,NA,NA,NA,NA,NA,NA,NA,NA,NA,NA,NA,NA
39,354850005000305,0,NA,NA,NA,NA,NA,NA,NA,NA,NA,NA,NA,NA,NA
40,354850005000305,0,NA,NA,NA,NA,NA,NA,NA,NA,NA,NA,NA,NA,NA
41,354850005000305,0,NA,NA,NA,NA,NA,NA,NA,NA,NA,NA,NA,NA,NA
42,354850005000305,1,"Male",10,"no","no",0,"yes","in_home","gift","no","no","no","no",NA
43,354850005000305,0,NA,NA,NA,NA,NA,NA,NA,NA,NA,NA,NA,NA,NA
44,354850005000305,0,NA,NA,NA,NA,NA,NA,NA,NA,NA,NA,NA,NA,NA
45,354850005000305,0,NA,NA,NA,NA,NA,NA,NA,NA,NA,NA,NA,NA,NA
46,354850005000305,1,"Male",7,"no","no",0,"yes","in_home","bought","no","no","yes",NA,NA
47,354850005000305,0,NA,NA,NA,NA,NA,NA,NA,NA,NA,NA,NA,NA,NA
48,354850005000305,0,NA,NA,NA,NA,NA,NA,NA,NA,NA,NA,NA,NA,NA
49,354850005000305,0,NA,NA,NA,NA,NA,NA,NA,NA,NA,NA,NA,NA,NA
50,354850005000305,1,"Male",14,"no","no",0,"yes","in_home","gift","no","yes","no","no",NA
51,354850005000305,0,NA,NA,NA,NA,NA,NA,NA,NA,NA,NA,NA,NA,NA
52,354850005000305,1,"Male",6,"no","no",0,"yes","in_home","gift","no","no","no","no",NA
53,354850005000305,0,NA,NA,NA,NA,NA,NA,NA,NA,NA,NA,NA,NA,NA
54,354850005000305,1,"Male",0,"no","no",0,"no","lost","bought","no","no","yes",NA,NA
54,354850005000305,1,"Female",10,"no","no",0,"yes","in_home","gift","no","yes","no","no",NA
55,354850005000305,0,NA,NA,NA,NA,NA,NA,NA,NA,NA,NA,NA,NA,NA
56,354850005000305,1,"Female",0,"yes","yes",6,"yes","in_home","gift","no","yes","no","no",NA
57,354850005000305,1,"Female",0,"yes","no",0,"yes","in_home","born_in_home","no","yes","no","no",NA
58,354850005000502,0,NA,NA,NA,NA,NA,NA,NA,NA,NA,NA,NA,NA,NA
59,354850005000502,0,NA,NA,NA,NA,NA,NA,NA,NA,NA,NA,NA,NA,NA
60,354850005000502,1,"Female",13,"yes","yes",0,"yes","in_home","gift","no","no","no","no",NA
60,354850005000502,1,"Male",0,"no","no",0,"yes","in_home","gift","no","no","no","no",NA
61,354850005000502,1,"Female",2,"no","no",0,"no","sold","gift","no","yes","no","no",NA
62,354850005000502,0,NA,NA,NA,NA,NA,NA,NA,NA,NA,NA,NA,NA,NA
63,354850005000502,0,NA,NA,NA,NA,NA,NA,NA,NA,NA,NA,NA,NA,NA
64,354850005000502,1,"Male",5,"no","no",0,"yes","in_home","bought","no","no","yes",NA,NA
65,354850005000502,0,NA,NA,NA,NA,NA,NA,NA,NA,NA,NA,NA,NA,NA
66,354850005000502,0,NA,NA,NA,NA,NA,NA,NA,NA,NA,NA,NA,NA,NA
67,354850005000502,1,"Male",10,"no","no",0,"yes","in_home","gift","no","no","no","no",NA
67,354850005000502,1,"Female",1,"no","no",0,"yes","in_home","gift","no","no","no","no",NA
68,354850005000502,1,"Male",14,"no","no",0,"yes","in_home","adopted","no","no","no","no",NA
69,354850005000502,1,"Male",2,"no","no",0,"yes","in_home","gift","no","no","no","no",NA
69,354850005000502,1,"Male",0,"yes","yes",0,"yes","in_home","born_in_home","no","yes","no","no",NA
69,354850005000502,1,"Female",9,"no","no",0,"yes","in_home","bought","no","no","yes",NA,NA
70,354850005000502,0,NA,NA,NA,NA,NA,NA,NA,NA,NA,NA,NA,NA,NA
71,354850005000502,1,"Male",13,"no","no",0,"yes","in_home","gift","no","no","no","no",NA
72,354850005000502,1,"Male",1,"no","no",0,"yes","in_home","gift","no","no","no","no",NA
73,354850005000502,1,"Male",1,"no","no",0,"no","deied","born_in_home","no","no","no","no",NA
73,354850005000502,1,"Male",0,"no","no",0,"yes","in_home","gift","no","no","no","no",NA
73,354850005000502,1,"Female",2,"yes","no",0,"yes","in_home","gift","no","no","no","no",NA
74,354850005000502,0,NA,NA,NA,NA,NA,NA,NA,NA,NA,NA,NA,NA,NA
75,354850005000502,0,NA,NA,NA,NA,NA,NA,NA,NA,NA,NA,NA,NA,NA
76,354850005000502,1,"Male",5,"yes","no",0,"yes","in_home","bought","no","no","yes",NA,NA
77,354850005000268,1,"Male",5,"no","no",0,"yes","in_home","born_in_home","yes","yes","yes","yes","no"
78,354850005000268,1,"Male",9,"no","no",0,"yes","in_home","gift","no","no","no","no",NA
79,354850005000268,0,NA,NA,NA,NA,NA,NA,NA,NA,NA,NA,NA,NA,NA
80,354850005000268,1,"Male",15,"yes","no",0,"no","deied","gift","yes","no","yes",NA,NA
80,354850005000268,1,"Female",0,"no","no",0,"yes","in_home","bought","no","yes","yes","yes","yes"
81,354850005000268,1,"Female",0,"no","no",0,"yes","in_home","gift","no","no","no","no",NA
82,354850005000268,0,NA,NA,NA,NA,NA,NA,NA,NA,NA,NA,NA,NA,NA
83,354850005000268,1,"Female",1,"no","no",0,"yes","in_home","gift","no","no","no","no",NA
83,354850005000268,1,"Male",8,"no","no",0,"yes","in_home","bought","no","no","yes",NA,NA
83,354850005000268,1,"Female",3,"yes","yes",0,"yes","in_home","adopted","no","no","no","no",NA
83,354850005000268,1,"Male",10,"yes","yes",0,"yes","in_home","adopted","no","no","no","no",NA
84,354850005000268,1,"Male",11,"no","no",0,"yes","in_home","gift","no","no","no","no",NA
84,354850005000268,1,"Male",1,"no","no",0,"yes","in_home","gift","no","no","no","no",NA
85,354850005000268,1,"Male",7,"no","no",0,"yes","in_home","gift","no","yes","no","no",NA
86,354850005000268,1,"Male",2,"no","no",0,"yes","in_home","born_in_home","no","no","no","no",NA
86,354850005000268,1,"Male",3,"no","no",0,"yes","in_home","gift","no","no","no","no",NA
87,354850005000268,1,"Male",12,"no","no",0,"yes","in_home","gift","no","yes","no","no",NA
88,354850005000268,0,NA,NA,NA,NA,NA,NA,NA,NA,NA,NA,NA,NA,NA
89,354850005000268,0,NA,NA,NA,NA,NA,NA,NA,NA,NA,NA,NA,NA,NA
90,354850005000268,0,NA,NA,NA,NA,NA,NA,NA,NA,NA,NA,NA,NA,NA
91,354850005000268,1,"Male",0,"no","no",0,"yes","in_home","gift","yes","yes","yes","yes","yes"
91,354850005000268,1,"Female",3,"yes","yes",0,"no","deied","gift","no","yes","no","no",NA
92,354850005000268,0,NA,NA,NA,NA,NA,NA,NA,NA,NA,NA,NA,NA,NA
93,354850005000268,0,NA,NA,NA,NA,NA,NA,NA,NA,NA,NA,NA,NA,NA
94,354850005000268,0,NA,NA,NA,NA,NA,NA,NA,NA,NA,NA,NA,NA,NA
95,354850005000268,0,NA,NA,NA,NA,NA,NA,NA,NA,NA,NA,NA,NA,NA
96,354850005000347,1,"Male",5,"no","no",0,"yes","in_home","gift","no","no","no","no",NA
96,354850005000347,1,"Male",4,"yes","no",0,"yes","in_home","bought","no","no","yes",NA,NA
97,354850005000347,1,"Female",7,"no","no",5,"yes","in_home","born_in_home","no","no","no","no",NA
97,354850005000347,1,"Male",7,"no","no",0,"yes","in_home","gift","no","yes","no","no",NA
98,354850005000347,1,"Male",15,"no","no",0,"yes","in_home","gift","no","no","no","no",NA
99,354850005000347,1,"Male",0,"no","no",0,"yes","in_home","born_in_home","no","yes","no","no",NA
99,354850005000347,1,"Male",2,"no","no",0,"yes","in_home","gift","no","no","no","no",NA
99,354850005000347,1,"Male",17,"no","no",0,"yes","in_home","bought","no","no","yes",NA,NA
100,354850005000347,0,NA,NA,NA,NA,NA,NA,NA,NA,NA,NA,NA,NA,NA
101,354850005000347,1,"Male",11,"no","no",0,"yes","in_home","gift","no","no","no","no",NA
102,354850005000347,1,"Male",4,"no","no",0,"yes","in_home","bought","no","yes","yes","yes","no"
103,354850005000347,0,NA,NA,NA,NA,NA,NA,NA,NA,NA,NA,NA,NA,NA
104,354850005000347,1,"Female",2,"no","no",0,"no","given","gift","no","yes","no","no",NA
105,354850005000347,1,"Male",15,"no","no",0,"yes","in_home","bought","no","yes","yes","yes","no"
106,354850005000347,0,NA,NA,NA,NA,NA,NA,NA,NA,NA,NA,NA,NA,NA
107,354850005000347,0,NA,NA,NA,NA,NA,NA,NA,NA,NA,NA,NA,NA,NA
108,354850005000347,0,NA,NA,NA,NA,NA,NA,NA,NA,NA,NA,NA,NA,NA
109,354850005000347,1,"Female",16,"yes","no",0,"yes","in_home","gift","no","no","no","no",NA
110,354850005000347,1,"Male",3,"no","no",0,"yes","in_home","gift","no","no","no","no",NA
111,354850005000347,1,"Male",1,"no","no",0,"yes","in_home","bought","no","no","yes",NA,NA
112,354850005000347,1,"Male",6,"no","no",0,"yes","in_home","bought","no","yes","yes","yes","no"
113,354850005000347,0,NA,NA,NA,NA,NA,NA,NA,NA,NA,NA,NA,NA,NA
114,354850005000347,0,NA,NA,NA,NA,NA,NA,NA,NA,NA,NA,NA,NA,NA
115,354850005000145,1,"Male",5,"no","no",0,"no","sold","bought","no","yes","yes","yes","no"
115,354850005000145,1,"Male",10,"no","no",0,"yes","in_home","born_in_home","no","no","no","no",NA
116,354850005000145,0,NA,NA,NA,NA,NA,NA,NA,NA,NA,NA,NA,NA,NA
117,354850005000145,1,"Male",2,"no","no",0,"yes","in_home","gift","no","yes","no","no",NA
117,354850005000145,1,"Female",1,"no","no",0,"yes","in_home","gift","no","yes","no","no",NA
118,354850005000145,0,NA,NA,NA,NA,NA,NA,NA,NA,NA,NA,NA,NA,NA
119,354850005000145,0,NA,NA,NA,NA,NA,NA,NA,NA,NA,NA,NA,NA,NA
120,354850005000145,0,NA,NA,NA,NA,NA,NA,NA,NA,NA,NA,NA,NA,NA
121,354850005000145,1,"Male",0,"no","no",0,"yes","in_home","bought","no","no","yes",NA,NA
122,354850005000145,1,"Female",11,"no","no",0,"yes","in_home","gift","no","no","no","no",NA
123,354850005000145,0,NA,NA,NA,NA,NA,NA,NA,NA,NA,NA,NA,NA,NA
124,354850005000145,1,"Male",3,"no","no",0,"yes","in_home","gift","no","yes","no","no",NA
125,354850005000145,0,NA,NA,NA,NA,NA,NA,NA,NA,NA,NA,NA,NA,NA
126,354850005000145,0,NA,NA,NA,NA,NA,NA,NA,NA,NA,NA,NA,NA,NA
127,354850005000145,0,NA,NA,NA,NA,NA,NA,NA,NA,NA,NA,NA,NA,NA
128,354850005000145,1,"Male",3,"no","no",0,"yes","in_home","gift","no","no","no","no",NA
129,354850005000145,1,"Male",1,"no","no",0,"yes","in_home","born_in_home","no","yes","no","no",NA
130,354850005000145,1,"Female",11,"yes","yes",0,"yes","in_home","gift","no","yes","no","no",NA
131,354850005000145,0,NA,NA,NA,NA,NA,NA,NA,NA,NA,NA,NA,NA,NA
132,354850005000145,1,"Male",10,"no","no",0,"yes","in_home","gift","no","no","no","no",NA
133,354850005000145,0,NA,NA,NA,NA,NA,NA,NA,NA,NA,NA,NA,NA,NA
134,354850005000134,1,"Male",6,"no","no",0,"yes","in_home","gift","no","no","no","no",NA
134,354850005000134,1,"Female",1,"no","no",0,"yes","in_home","gift","no","yes","no","no",NA
134,354850005000134,1,"Female",2,"no","no",0,"no","sold","bought","no","yes","yes","yes","no"
135,354850005000134,1,"Female",8,"no","no",0,"yes","in_home","gift","no","yes","no","no",NA
136,354850005000134,0,NA,NA,NA,NA,NA,NA,NA,NA,NA,NA,NA,NA,NA
137,354850005000134,0,NA,NA,NA,NA,NA,NA,NA,NA,NA,NA,NA,NA,NA
138,354850005000134,1,"Male",0,"no","no",0,"yes","in_home","gift","no","yes","no","no",NA
139,354850005000134,1,"Female",2,"no","no",0,"yes","in_home","adopted","no","no","no","no",NA
139,354850005000134,1,"Male",1,"no","no",0,"no","deied","gift","no","yes","no","no",NA
139,354850005000134,1,"Male",3,"no","no",0,"no","given","bought","no","no","yes",NA,NA
140,354850005000134,0,NA,NA,NA,NA,NA,NA,NA,NA,NA,NA,NA,NA,NA
141,354850005000134,0,NA,NA,NA,NA,NA,NA,NA,NA,NA,NA,NA,NA,NA
142,354850005000134,1,"Female",0,"yes","no",0,"yes","in_home","bought","no","yes","yes","yes","no"
143,354850005000134,1,"Male",0,"yes","no",0,"yes","in_home","bought","no","no","yes",NA,NA
144,354850005000134,1,"Female",8,"no","no",0,"yes","in_home","gift","no","no","no","no",NA
144,354850005000134,1,"Male",2,"no","no",0,"yes","in_home","gift","no","no","no","no",NA
145,354850005000134,1,"Male",3,"no","no",0,"yes","in_home","adopted","no","yes","no","no",NA
145,354850005000134,1,"Male",3,"no","no",0,"yes","in_home","gift","no","yes","no","no",NA
146,354850005000134,1,"Female",4,"no","no",0,"yes","in_home","bought","no","yes","yes","yes","no"
147,354850005000134,0,NA,NA,NA,NA,NA,NA,NA,NA,NA,NA,NA,NA,NA
148,354850005000134,1,"Female",3,"no","no",3,"no","deied","gift","no","yes","no","no",NA
149,354850005000134,0,NA,NA,NA,NA,NA,NA,NA,NA,NA,NA,NA,NA,NA
150,354850005000134,0,NA,NA,NA,NA,NA,NA,NA,NA,NA,NA,NA,NA,NA
151,354850005000134,1,"Male",6,"no","no",0,"yes","in_home","gift","no","no","no","no",NA
152,354850005000134,0,NA,NA,NA,NA,NA,NA,NA,NA,NA,NA,NA,NA,NA
153,354850005000504,1,"Female",8,"yes","yes",0,"yes","in_home","gift","no","yes","no","no",NA
153,354850005000504,1,"Female",5,"no","no",0,"yes","in_home","gift","no","no","no","no",NA
154,354850005000504,0,NA,NA,NA,NA,NA,NA,NA,NA,NA,NA,NA,NA,NA
155,354850005000504,1,"Male",14,"no","no",0,"yes","in_home","bought","yes","no","yes",NA,NA
156,354850005000504,1,"Male",0,"yes","no",0,"yes","in_home","gift","no","no","no","no",NA
157,354850005000504,0,NA,NA,NA,NA,NA,NA,NA,NA,NA,NA,NA,NA,NA
158,354850005000504,1,"Female",8,"no","no",0,"yes","in_home","gift","no","no","no","no",NA
159,354850005000504,1,"Male",6,"no","no",0,"yes","in_home","gift","no","yes","no","no",NA
160,354850005000504,0,NA,NA,NA,NA,NA,NA,NA,NA,NA,NA,NA,NA,NA
161,354850005000504,1,"Male",1,"no","no",0,"yes","in_home","gift","yes","no","yes",NA,NA
162,354850005000504,1,"Female",4,"no","no",0,"yes","in_home","bought","no","yes","yes","yes","yes"
163,354850005000504,0,NA,NA,NA,NA,NA,NA,NA,NA,NA,NA,NA,NA,NA
164,354850005000504,1,"Male",0,"no","no",0,"yes","in_home","bought","no","no","yes",NA,NA
164,354850005000504,1,"Female",10,"yes","no",0,"yes","in_home","gift","no","yes","no","no",NA
165,354850005000504,1,"Female",6,"yes","yes",0,"yes","in_home","born_in_home","no","no","no","no",NA
166,354850005000504,1,"Female",1,"no","no",0,"yes","in_home","bought","no","yes","yes","yes","yes"
167,354850005000504,0,NA,NA,NA,NA,NA,NA,NA,NA,NA,NA,NA,NA,NA
168,354850005000504,1,"Male",7,"no","no",0,"no","sold","bought","no","no","yes",NA,NA
169,354850005000504,0,NA,NA,NA,NA,NA,NA,NA,NA,NA,NA,NA,NA,NA
170,354850005000504,1,"Female",7,"no","no",0,"yes","in_home","gift","no","no","no","no",NA
170,354850005000504,1,"Male",1,"no","no",0,"no","given","gift","no","no","no","no",NA
171,354850005000504,1,"Male",4,"yes","no",0,"yes","in_home","born_in_home","no","no","no","no",NA
172,354850005000137,1,"Female",3,"no","no",0,"no","given","gift","yes","no","yes",NA,NA
173,354850005000137,0,NA,NA,NA,NA,NA,NA,NA,NA,NA,NA,NA,NA,NA
174,354850005000137,0,NA,NA,NA,NA,NA,NA,NA,NA,NA,NA,NA,NA,NA
175,354850005000137,0,NA,NA,NA,NA,NA,NA,NA,NA,NA,NA,NA,NA,NA
176,354850005000137,1,"Male",7,"no","no",0,"no","given","bought","no","yes","yes","yes","no"
177,354850005000137,1,"Female",13,"no","no",0,"yes","in_home","gift","no","yes","no","no",NA
178,354850005000137,1,"Female",4,"yes","yes",0,"yes","in_home","gift","no","no","no","no",NA
178,354850005000137,1,"Male",0,"no","no",0,"yes","in_home","bought","no","no","yes",NA,NA
178,354850005000137,1,"Female",9,"no","no",0,"yes","in_home","bought","yes","no","yes",NA,NA
179,354850005000137,0,NA,NA,NA,NA,NA,NA,NA,NA,NA,NA,NA,NA,NA
180,354850005000137,1,"Male",8,"no","no",0,"yes","in_home","gift","no","yes","no","no",NA
181,354850005000137,1,"Female",3,"no","no",0,"yes","in_home","gift","no","yes","no","no",NA
182,354850005000137,1,"Male",16,"yes","yes",0,"no","given","gift","no","no","no","no",NA
183,354850005000137,0,NA,NA,NA,NA,NA,NA,NA,NA,NA,NA,NA,NA,NA
184,354850005000137,1,"Male",9,"no","no",0,"yes","in_home","gift","no","yes","no","no",NA
185,354850005000137,1,"Female",6,"yes","no",0,"yes","in_home","gift","no","no","no","no",NA
185,354850005000137,1,"Female",5,"yes","no",0,"yes","in_home","gift","yes","yes","yes","yes","no"
185,354850005000137,1,"Male",9,"no","no",0,"yes","in_home","adopted","no","no","no","no",NA
186,354850005000137,0,NA,NA,NA,NA,NA,NA,NA,NA,NA,NA,NA,NA,NA
187,354850005000137,1,"Male",1,"no","no",0,"yes","in_home","bought","yes","no","yes",NA,NA
188,354850005000137,1,"Male",2,"no","no",0,"yes","in_home","adopted","no","no","no","no",NA
189,354850005000137,0,NA,NA,NA,NA,NA,NA,NA,NA,NA,NA,NA,NA,NA
190,354850005000137,1,"Male",8,"yes","no",0,"yes","in_home","gift","no","no","no","no",NA
191,354850005000284,1,"Male",5,"no","no",0,"yes","in_home","born_in_home","no","no","no","no",NA
191,354850005000284,1,"Female",5,"yes","no",0,"yes","in_home","born_in_home","no","yes","no","no",NA
192,354850005000284,0,NA,NA,NA,NA,NA,NA,NA,NA,NA,NA,NA,NA,NA
193,354850005000284,1,"Male",2,"no","no",0,"no","deied","gift","yes","no","yes",NA,NA
193,354850005000284,1,"Male",15,"no","no",0,"yes","in_home","gift","no","no","no","no",NA
194,354850005000284,1,"Male",16,"no","no",0,"yes","in_home","born_in_home","yes","no","yes",NA,NA
195,354850005000284,0,NA,NA,NA,NA,NA,NA,NA,NA,NA,NA,NA,NA,NA
196,354850005000284,1,"Male",7,"no","no",0,"yes","in_home","adopted","no","yes","no","no",NA
196,354850005000284,1,"Female",4,"no","no",0,"yes","in_home","gift","no","yes","no","no",NA
197,354850005000284,1,"Male",0,"no","no",0,"yes","in_home","adopted","no","yes","no","no",NA
197,354850005000284,1,"Female",11,"no","no",5,"yes","in_home","gift","no","no","no","no",NA
197,354850005000284,1,"Male",6,"no","no",0,"yes","in_home","bought","no","no","yes",NA,NA
198,354850005000284,0,NA,NA,NA,NA,NA,NA,NA,NA,NA,NA,NA,NA,NA
199,354850005000284,0,NA,NA,NA,NA,NA,NA,NA,NA,NA,NA,NA,NA,NA
200,354850005000284,0,NA,NA,NA,NA,NA,NA,NA,NA,NA,NA,NA,NA,NA
201,354850005000284,0,NA,NA,NA,NA,NA,NA,NA,NA,NA,NA,NA,NA,NA
202,354850005000284,0,NA,NA,NA,NA,NA,NA,NA,NA,NA,NA,NA,NA,NA
203,354850005000284,0,NA,NA,NA,NA,NA,NA,NA,NA,NA,NA,NA,NA,NA
204,354850005000284,1,"Male",2,"no","no",0,"yes","in_home","bought","yes","no","yes",NA,NA
204,354850005000284,1,"Male",9,"no","no",0,"yes","in_home","bought","no","no","yes",NA,NA
204,354850005000284,1,"Male",4,"no","no",0,"no","given","born_in_home","no","no","no","no",NA
205,354850005000284,1,"Male",13,"no","no",0,"yes","in_home","adopted","no","yes","no","no",NA
205,354850005000284,1,"Female",5,"yes","no",0,"yes","in_home","bought","no","yes","yes","yes","no"
206,354850005000284,0,NA,NA,NA,NA,NA,NA,NA,NA,NA,NA,NA,NA,NA
207,354850005000284,1,"Male",4,"no","no",0,"yes","in_home","bought","no","no","yes",NA,NA
207,354850005000284,1,"Female",0,"no","no",0,"yes","in_home","bought","no","no","yes",NA,NA
207,354850005000284,1,"Female",2,"yes","yes",0,"yes","in_home","gift","no","no","no","no",NA
208,354850005000284,0,NA,NA,NA,NA,NA,NA,NA,NA,NA,NA,NA,NA,NA
209,354850005000284,1,"Male",7,"no","no",0,"yes","in_home","bought","no","no","yes",NA,NA
210,354850005000004,0,NA,NA,NA,NA,NA,NA,NA,NA,NA,NA,NA,NA,NA
211,354850005000004,1,"Female",10,"no","no",0,"yes","in_home","gift","no","no","no","no",NA
212,354850005000004,0,NA,NA,NA,NA,NA,NA,NA,NA,NA,NA,NA,NA,NA
213,354850005000004,0,NA,NA,NA,NA,NA,NA,NA,NA,NA,NA,NA,NA,NA
214,354850005000004,0,NA,NA,NA,NA,NA,NA,NA,NA,NA,NA,NA,NA,NA
215,354850005000004,0,NA,NA,NA,NA,NA,NA,NA,NA,NA,NA,NA,NA,NA
216,354850005000004,0,NA,NA,NA,NA,NA,NA,NA,NA,NA,NA,NA,NA,NA
217,354850005000004,1,"Male",4,"yes","no",0,"yes","in_home","gift","no","no","no","no",NA
217,354850005000004,1,"Male",4,"no","no",0,"yes","in_home","born_in_home","no","no","no","no",NA
218,354850005000004,1,"Male",5,"no","no",0,"yes","in_home","adopted","no","no","no","no",NA
218,354850005000004,1,"Male",3,"yes","no",0,"yes","in_home","gift","no","yes","no","no",NA
219,354850005000004,1,"Female",4,"no","no",0,"yes","in_home","bought","no","no","yes",NA,NA
220,354850005000004,0,NA,NA,NA,NA,NA,NA,NA,NA,NA,NA,NA,NA,NA
221,354850005000004,1,"Female",6,"yes","no",0,"yes","in_home","gift","no","no","no","no",NA
221,354850005000004,1,"Female",8,"no","no",0,"yes","in_home","bought","yes","yes","yes","yes","no"
222,354850005000004,0,NA,NA,NA,NA,NA,NA,NA,NA,NA,NA,NA,NA,NA
223,354850005000004,1,"Female",3,"yes","no",0,"yes","in_home","bought","no","no","yes",NA,NA
224,354850005000004,1,"Female",0,"no","no",0,"yes","in_home","bought","no","yes","yes","yes","no"
225,354850005000004,0,NA,NA,NA,NA,NA,NA,NA,NA,NA,NA,NA,NA,NA
226,354850005000004,1,"Male",7,"no","no",0,"yes","in_home","born_in_home","no","yes","no","no",NA
226,354850005000004,1,"Male",5,"no","no",0,"yes","in_home","gift","no","no","no","no",NA
227,354850005000004,1,"Female",7,"no","no",0,"yes","in_home","adopted","yes","yes","yes","yes","no"
228,354850005000004,0,NA,NA,NA,NA,NA,NA,NA,NA,NA,NA,NA,NA,NA
229,354850005000537,0,NA,NA,NA,NA,NA,NA,NA,NA,NA,NA,NA,NA,NA
230,354850005000537,0,NA,NA,NA,NA,NA,NA,NA,NA,NA,NA,NA,NA,NA
231,354850005000537,0,NA,NA,NA,NA,NA,NA,NA,NA,NA,NA,NA,NA,NA
232,354850005000537,1,"Female",2,"no","no",0,"no","sold","gift","no","yes","no","no",NA
233,354850005000537,0,NA,NA,NA,NA,NA,NA,NA,NA,NA,NA,NA,NA,NA
234,354850005000537,0,NA,NA,NA,NA,NA,NA,NA,NA,NA,NA,NA,NA,NA
235,354850005000537,1,"Male",6,"no","no",0,"yes","in_home","gift","no","no","no","no",NA
236,354850005000537,0,NA,NA,NA,NA,NA,NA,NA,NA,NA,NA,NA,NA,NA
237,354850005000537,0,NA,NA,NA,NA,NA,NA,NA,NA,NA,NA,NA,NA,NA
238,354850005000537,1,"Male",6,"no","no",0,"yes","in_home","gift","no","no","no","no",NA
239,354850005000537,0,NA,NA,NA,NA,NA,NA,NA,NA,NA,NA,NA,NA,NA
240,354850005000537,1,"Male",4,"no","no",0,"yes","in_home","gift","no","no","no","no",NA
241,354850005000537,0,NA,NA,NA,NA,NA,NA,NA,NA,NA,NA,NA,NA,NA
242,354850005000537,0,NA,NA,NA,NA,NA,NA,NA,NA,NA,NA,NA,NA,NA
243,354850005000537,1,"Male",13,"no","no",0,"yes","in_home","bought","no","yes","yes","yes","no"
244,354850005000537,1,"Female",7,"no","no",0,"no","deied","born_in_home","no","yes","no","no",NA
244,354850005000537,1,"Female",7,"yes","no",0,"yes","in_home","bought","yes","no","yes",NA,NA
245,354850005000537,1,"Female",4,"no","no",0,"yes","in_home","adopted","no","yes","no","no",NA
245,354850005000537,1,"Male",2,"yes","no",0,"no","lost","gift","no","yes","no","no",NA
246,354850005000537,1,"Female",5,"no","no",0,"yes","in_home","bought","no","no","yes",NA,NA
246,354850005000537,1,"Male",8,"no","no",0,"no","deied","gift","no","no","no","no",NA
247,354850005000537,1,"Female",6,"yes","no",0,"yes","in_home","bought","no","no","yes",NA,NA
247,354850005000537,1,"Female",7,"no","no",0,"yes","in_home","gift","no","no","no","no",NA
247,354850005000537,1,"Female",16,"yes","no",0,"yes","in_home","gift","no","no","no","no",NA
248,354850005000534,0,NA,NA,NA,NA,NA,NA,NA,NA,NA,NA,NA,NA,NA
249,354850005000534,0,NA,NA,NA,NA,NA,NA,NA,NA,NA,NA,NA,NA,NA
250,354850005000534,1,"Female",17,"yes","no",0,"no","sold","gift","no","no","no","no",NA
251,354850005000534,1,"Male",4,"no","no",0,"no","deied","gift","no","yes","no","no",NA
251,354850005000534,1,"Male",12,"no","no",0,"no","lost","adopted","no","no","no","no",NA
252,354850005000534,0,NA,NA,NA,NA,NA,NA,NA,NA,NA,NA,NA,NA,NA
253,354850005000534,0,NA,NA,NA,NA,NA,NA,NA,NA,NA,NA,NA,NA,NA
254,354850005000534,1,"Female",9,"no","no",0,"yes","in_home","gift","no","no","no","no",NA
255,354850005000534,1,"Male",3,"no","no",0,"yes","in_home","gift","no","yes","no","no",NA
256,354850005000534,0,NA,NA,NA,NA,NA,NA,NA,NA,NA,NA,NA,NA,NA
257,354850005000534,0,NA,NA,NA,NA,NA,NA,NA,NA,NA,NA,NA,NA,NA
258,354850005000534,1,"Female",5,"no","no",0,"yes","in_home","gift","yes","no","yes",NA,NA
259,354850005000534,1,"Female",4,"yes","yes",0,"yes","in_home","gift","no","yes","no","no",NA
260,354850005000534,0,NA,NA,NA,NA,NA,NA,NA,NA,NA,NA,NA,NA,NA
261,354850005000534,0,NA,NA,NA,NA,NA,NA,NA,NA,NA,NA,NA,NA,NA
262,354850005000534,1,"Male",1,"yes","no",0,"yes","in_home","gift","no","yes","no","no",NA
263,354850005000534,1,"Male",15,"no","no",0,"no","given","gift","no","yes","no","no",NA
264,354850005000534,1,"Male",8,"no","no",0,"yes","in_home","bought","no","no","yes",NA,NA
265,354850005000534,0,NA,NA,NA,NA,NA,NA,NA,NA,NA,NA,NA,NA,NA
266,354850005000534,1,"Male",9,"no","no",0,"yes","in_home","gift","no","no","no","no",NA
267,354850005000619,0,NA,NA,NA,NA,NA,NA,NA,NA,NA,NA,NA,NA,NA
268,354850005000619,1,"Female",11,"yes","no",0,"yes","in_home","bought","no","no","yes",NA,NA
269,354850005000619,0,NA,NA,NA,NA,NA,NA,NA,NA,NA,NA,NA,NA,NA
270,354850005000619,1,"Male",1,"no","no",0,"yes","in_home","gift","no","no","no","no",NA
271,354850005000619,1,"Male",1,"no","no",0,"yes","in_home","gift","no","yes","no","no",NA
271,354850005000619,1,"Female",5,"yes","no",3,"yes","in_home","born_in_home","yes","yes","yes","yes","no"
271,354850005000619,1,"Female",3,"no","no",2,"yes","in_home","gift","no","yes","no","no",NA
272,354850005000619,0,NA,NA,NA,NA,NA,NA,NA,NA,NA,NA,NA,NA,NA
273,354850005000619,0,NA,NA,NA,NA,NA,NA,NA,NA,NA,NA,NA,NA,NA
274,354850005000619,0,NA,NA,NA,NA,NA,NA,NA,NA,NA,NA,NA,NA,NA
275,354850005000619,0,NA,NA,NA,NA,NA,NA,NA,NA,NA,NA,NA,NA,NA
276,354850005000619,1,"Male",2,"no","no",0,"yes","in_home","born_in_home","no","no","no","no",NA
276,354850005000619,1,"Female",1,"no","no",0,"yes","in_home","bought","no","yes","yes","yes","no"
277,354850005000619,1,"Female",0,"no","no",0,"yes","in_home","gift","no","yes","no","no",NA
277,354850005000619,1,"Male",4,"yes","no",0,"yes","in_home","gift","no","yes","no","no",NA
278,354850005000619,1,"Female",1,"yes","yes",0,"yes","in_home","born_in_home","no","yes","no","no",NA
278,354850005000619,1,"Male",3,"yes","no",0,"yes","in_home","adopted","no","no","no","no",NA
279,354850005000619,1,"Male",0,"no","no",0,"yes","in_home","gift","no","yes","no","no",NA
280,354850005000619,1,"Female",3,"no","no",0,"yes","in_home","gift","no","yes","no","no",NA
281,354850005000619,1,"Male",0,"no","no",0,"no","lost","born_in_home","no","no","no","no",NA
281,354850005000619,1,"Female",9,"yes","yes",0,"yes","in_home","gift","no","no","no","no",NA
281,354850005000619,1,"Female",3,"yes","yes",0,"yes","in_home","bought","no","no","yes",NA,NA
281,354850005000619,1,"Female",0,"no","no",0,"yes","in_home","bought","no","no","yes",NA,NA
282,354850005000619,0,NA,NA,NA,NA,NA,NA,NA,NA,NA,NA,NA,NA,NA
283,354850005000619,1,"Male",3,"yes","no",0,"yes","in_home","gift","no","no","no","no",NA
284,354850005000619,1,"Female",8,"no","no",0,"yes","in_home","gift","no","no","no","no",NA
285,354850005000619,1,"Female",0,"no","no",0,"no","given","adopted","no","no","no","no",NA
285,354850005000619,1,"Female",3,"no","no",0,"yes","in_home","gift","no","yes","no","no",NA
286,354850005000613,1,"Female",13,"yes","no",0,"yes","in_home","gift","no","no","no","no",NA
286,354850005000613,1,"Female",9,"no","no",0,"yes","in_home","bought","no","yes","yes","yes","no"
287,354850005000613,1,"Female",0,"yes","yes",0,"yes","in_home","gift","no","no","no","no",NA
288,354850005000613,0,NA,NA,NA,NA,NA,NA,NA,NA,NA,NA,NA,NA,NA
289,354850005000613,0,NA,NA,NA,NA,NA,NA,NA,NA,NA,NA,NA,NA,NA
290,354850005000613,0,NA,NA,NA,NA,NA,NA,NA,NA,NA,NA,NA,NA,NA
291,354850005000613,1,"Female",8,"no","no",0,"yes","in_home","bought","no","yes","yes","yes","no"
291,354850005000613,1,"Male",1,"no","no",0,"yes","in_home","gift","no","yes","no","no",NA
292,354850005000613,1,"Male",8,"no","no",0,"yes","in_home","gift","no","no","no","no",NA
292,354850005000613,1,"Female",12,"no","no",0,"yes","in_home","gift","no","no","no","no",NA
292,354850005000613,1,"Male",11,"no","no",0,"yes","in_home","gift","no","no","no","no",NA
293,354850005000613,0,NA,NA,NA,NA,NA,NA,NA,NA,NA,NA,NA,NA,NA
294,354850005000613,0,NA,NA,NA,NA,NA,NA,NA,NA,NA,NA,NA,NA,NA
295,354850005000613,0,NA,NA,NA,NA,NA,NA,NA,NA,NA,NA,NA,NA,NA
296,354850005000613,1,"Female",2,"no","no",0,"yes","in_home","gift","no","no","no","no",NA
297,354850005000613,1,"Female",1,"no","no",0,"yes","in_home","born_in_home","no","no","no","no",NA
297,354850005000613,1,"Female",3,"no","no",0,"yes","in_home","gift","no","no","no","no",NA
298,354850005000613,1,"Male",8,"no","no",0,"yes","in_home","adopted","no","no","no","no",NA
298,354850005000613,1,"Male",2,"no","no",0,"yes","in_home","adopted","no","no","no","no",NA
299,354850005000613,0,NA,NA,NA,NA,NA,NA,NA,NA,NA,NA,NA,NA,NA
300,354850005000613,0,NA,NA,NA,NA,NA,NA,NA,NA,NA,NA,NA,NA,NA
301,354850005000613,0,NA,NA,NA,NA,NA,NA,NA,NA,NA,NA,NA,NA,NA
302,354850005000613,0,NA,NA,NA,NA,NA,NA,NA,NA,NA,NA,NA,NA,NA
303,354850005000613,0,NA,NA,NA,NA,NA,NA,NA,NA,NA,NA,NA,NA,NA
304,354850005000613,0,NA,NA,NA,NA,NA,NA,NA,NA,NA,NA,NA,NA,NA
305,354850005000384,0,NA,NA,NA,NA,NA,NA,NA,NA,NA,NA,NA,NA,NA
306,354850005000384,1,"Female",3,"yes","no",0,"yes","in_home","gift","no","yes","no","no",NA
307,354850005000384,0,NA,NA,NA,NA,NA,NA,NA,NA,NA,NA,NA,NA,NA
308,354850005000384,1,"Male",9,"no","no",0,"yes","in_home","gift","no","yes","no","no",NA
309,354850005000384,0,NA,NA,NA,NA,NA,NA,NA,NA,NA,NA,NA,NA,NA
310,354850005000384,1,"Male",14,"no","no",0,"yes","in_home","bought","no","no","yes",NA,NA
310,354850005000384,1,"Female",14,"no","no",0,"yes","in_home","bought","no","yes","yes","yes","no"
311,354850005000384,1,"Male",8,"yes","yes",0,"no","deied","born_in_home","no","yes","no","no",NA
312,354850005000384,1,"Male",16,"yes","no",0,"yes","in_home","born_in_home","no","yes","no","no",NA
313,354850005000384,1,"Female",11,"no","no",0,"yes","in_home","gift","no","no","no","no",NA
313,354850005000384,1,"Female",6,"no","no",0,"yes","in_home","gift","no","no","no","no",NA
313,354850005000384,1,"Male",9,"no","no",0,"no","lost","born_in_home","no","no","no","no",NA
314,354850005000384,0,NA,NA,NA,NA,NA,NA,NA,NA,NA,NA,NA,NA,NA
315,354850005000384,1,"Female",1,"no","no",0,"yes","in_home","gift","no","no","no","no",NA
316,354850005000384,1,"Female",0,"no","no",0,"yes","in_home","bought","no","yes","yes","yes","no"
317,354850005000384,1,"Male",1,"no","no",0,"yes","in_home","gift","no","no","no","no",NA
318,354850005000384,0,NA,NA,NA,NA,NA,NA,NA,NA,NA,NA,NA,NA,NA
319,354850005000384,0,NA,NA,NA,NA,NA,NA,NA,NA,NA,NA,NA,NA,NA
320,354850005000384,0,NA,NA,NA,NA,NA,NA,NA,NA,NA,NA,NA,NA,NA
321,354850005000384,0,NA,NA,NA,NA,NA,NA,NA,NA,NA,NA,NA,NA,NA
322,354850005000384,1,"Female",11,"no","no",0,"yes","in_home","adopted","yes","yes","yes","yes","no"
322,354850005000384,1,"Female",12,"no","no",0,"no","deied","bought","no","no","yes",NA,NA
323,354850005000384,0,NA,NA,NA,NA,NA,NA,NA,NA,NA,NA,NA,NA,NA
324,354850005000175,0,NA,NA,NA,NA,NA,NA,NA,NA,NA,NA,NA,NA,NA
325,354850005000175,1,"Male",10,"yes","no",0,"yes","in_home","gift","no","no","no","no",NA
325,354850005000175,1,"Male",1,"no","no",0,"yes","in_home","bought","no","no","yes",NA,NA
326,354850005000175,1,"Male",11,"no","no",0,"yes","in_home","adopted","no","no","no","no",NA
327,354850005000175,1,"Male",1,"yes","yes",0,"yes","in_home","gift","no","no","no","no",NA
328,354850005000175,1,"Male",10,"yes","no",0,"yes","in_home","adopted","no","yes","no","no",NA
329,354850005000175,0,NA,NA,NA,NA,NA,NA,NA,NA,NA,NA,NA,NA,NA
330,354850005000175,0,NA,NA,NA,NA,NA,NA,NA,NA,NA,NA,NA,NA,NA
331,354850005000175,1,"Male",0,"yes","yes",0,"yes","in_home","gift","no","yes","no","no",NA
332,354850005000175,0,NA,NA,NA,NA,NA,NA,NA,NA,NA,NA,NA,NA,NA
333,354850005000175,1,"Female",10,"no","no",0,"yes","in_home","gift","no","yes","no","no",NA
333,354850005000175,1,"Male",9,"yes","no",0,"yes","in_home","born_in_home","no","yes","no","no",NA
334,354850005000175,1,"Female",2,"no","no",0,"yes","in_home","gift","no","no","no","no",NA
335,354850005000175,1,"Female",1,"yes","yes",0,"yes","in_home","gift","no","yes","no","no",NA
336,354850005000175,0,NA,NA,NA,NA,NA,NA,NA,NA,NA,NA,NA,NA,NA
337,354850005000175,0,NA,NA,NA,NA,NA,NA,NA,NA,NA,NA,NA,NA,NA
338,354850005000175,1,"Female",10,"yes","no",0,"yes","in_home","gift","no","yes","no","no",NA
339,354850005000175,0,NA,NA,NA,NA,NA,NA,NA,NA,NA,NA,NA,NA,NA
340,354850005000175,0,NA,NA,NA,NA,NA,NA,NA,NA,NA,NA,NA,NA,NA
341,354850005000175,0,NA,NA,NA,NA,NA,NA,NA,NA,NA,NA,NA,NA,NA
342,354850005000175,1,"Female",7,"no","no",0,"yes","in_home","adopted","no","no","no","no",NA
342,354850005000175,1,"Male",4,"no","no",0,"yes","in_home","gift","no","yes","no","no",NA
343,354850005000412,0,NA,NA,NA,NA,NA,NA,NA,NA,NA,NA,NA,NA,NA
344,354850005000412,1,"Female",0,"no","no",0,"no","given","bought","no","yes","yes","yes","no"
345,354850005000412,0,NA,NA,NA,NA,NA,NA,NA,NA,NA,NA,NA,NA,NA
346,354850005000412,1,"Male",0,"no","no",0,"yes","in_home","gift","no","no","no","no",NA
347,354850005000412,1,"Female",10,"no","no",0,"yes","in_home","gift","no","no","no","no",NA
347,354850005000412,1,"Female",1,"no","no",0,"yes","in_home","adopted","no","no","no","no",NA
347,354850005000412,1,"Male",1,"yes","no",0,"yes","in_home","born_in_home","no","no","no","no",NA
347,354850005000412,1,"Male",8,"no","no",0,"no","deied","gift","yes","yes","yes","yes","no"
348,354850005000412,1,"Male",2,"no","no",0,"yes","in_home","gift","no","no","no","no",NA
349,354850005000412,0,NA,NA,NA,NA,NA,NA,NA,NA,NA,NA,NA,NA,NA
350,354850005000412,1,"Female",5,"no","no",0,"yes","in_home","gift","no","no","no","no",NA
351,354850005000412,1,"Female",12,"no","no",2,"yes","in_home","bought","no","no","yes",NA,NA
352,354850005000412,1,"Female",10,"yes","no",0,"no","deied","adopted","no","yes","no","no",NA
353,354850005000412,0,NA,NA,NA,NA,NA,NA,NA,NA,NA,NA,NA,NA,NA
354,354850005000412,1,"Male",12,"no","no",0,"yes","in_home","gift","no","no","no","no",NA
355,354850005000412,1,"Female",5,"no","no",0,"yes","in_home","gift","no","yes","no","no",NA
355,354850005000412,1,"Male",1,"no","no",0,"yes","in_home","bought","no","yes","yes","yes","no"
356,354850005000412,1,"Male",12,"no","no",0,"yes","in_home","born_in_home","no","yes","no","no",NA
356,354850005000412,1,"Male",11,"no","no",0,"yes","in_home","gift","no","yes","no","no",NA
356,354850005000412,1,"Male",11,"no","no",0,"yes","in_home","adopted","no","yes","no","no",NA
357,354850005000412,1,"Male",0,"no","no",0,"yes","in_home","gift","no","no","no","no",NA
358,354850005000412,0,NA,NA,NA,NA,NA,NA,NA,NA,NA,NA,NA,NA,NA
359,354850005000412,0,NA,NA,NA,NA,NA,NA,NA,NA,NA,NA,NA,NA,NA
360,354850005000412,1,"Male",6,"no","no",0,"yes","in_home","bought","no","no","yes",NA,NA
361,354850005000412,0,NA,NA,NA,NA,NA,NA,NA,NA,NA,NA,NA,NA,NA
362,354850005000340,0,NA,NA,NA,NA,NA,NA,NA,NA,NA,NA,NA,NA,NA
363,354850005000340,0,NA,NA,NA,NA,NA,NA,NA,NA,NA,NA,NA,NA,NA
364,354850005000340,1,"Male",0,"yes","no",0,"yes","in_home","born_in_home","no","no","no","no",NA
365,354850005000340,0,NA,NA,NA,NA,NA,NA,NA,NA,NA,NA,NA,NA,NA
366,354850005000340,1,"Male",4,"no","no",0,"yes","in_home","adopted","no","no","no","no",NA
367,354850005000340,0,NA,NA,NA,NA,NA,NA,NA,NA,NA,NA,NA,NA,NA
368,354850005000340,1,"Male",8,"no","no",0,"yes","in_home","gift","yes","yes","yes","yes","no"
369,354850005000340,0,NA,NA,NA,NA,NA,NA,NA,NA,NA,NA,NA,NA,NA
370,354850005000340,0,NA,NA,NA,NA,NA,NA,NA,NA,NA,NA,NA,NA,NA
371,354850005000340,1,"Male",0,"no","no",0,"yes","in_home","gift","no","no","no","no",NA
372,354850005000340,1,"Male",9,"no","no",0,"yes","in_home","born_in_home","no","yes","no","no",NA
373,354850005000340,0,NA,NA,NA,NA,NA,NA,NA,NA,NA,NA,NA,NA,NA
374,354850005000340,1,"Male",4,"no","no",0,"yes","in_home","bought","no","no","yes",NA,NA
374,354850005000340,1,"Male",3,"yes","no",0,"no","lost","gift","no","yes","no","no",NA
375,354850005000340,0,NA,NA,NA,NA,NA,NA,NA,NA,NA,NA,NA,NA,NA
376,354850005000340,0,NA,NA,NA,NA,NA,NA,NA,NA,NA,NA,NA,NA,NA
377,354850005000340,0,NA,NA,NA,NA,NA,NA,NA,NA,NA,NA,NA,NA,NA
378,354850005000340,0,NA,NA,NA,NA,NA,NA,NA,NA,NA,NA,NA,NA,NA
379,354850005000340,1,"Female",16,"no","no",0,"yes","in_home","gift","yes","yes","yes","yes","no"
380,354850005000340,0,NA,NA,NA,NA,NA,NA,NA,NA,NA,NA,NA,NA,NA
